item,idx,task,answer,teacher_sheet,student_sheet,pred_teacher,pred_student,ok_teacher,ok_student,margin_teacher,margin_student,recall_traj,recall_P,recall_S,iou_kept,stem,window_end,evidence_gap,episodes_in_window,conc_teacher,conc_student,pct_kept,ckpt_teacher,ckpt_vit_lora,ckpt_student
sg_idx384_present_object_identification_easy,384,present_object_identification_easy,C,M1_teacher/sheets/sg_idx384_present_object_identification_easy.png,ViT-KD_raw_video/sheets/sg_idx384_present_object_identification_easy.png,C,C,True,True,0.8462,0.6421,0.5628,0.4964,0.5877,0.33,OP01-R07-Pizza,609.3,4.53,1,0.238,0.1968,9.99,/NHNHOME/VILAB/vilab_yj/trajgaze/TrajGazeMerge/checkpoints/visionzip_complement_learned_SGonly_overlay/best.pth,/NHNHOME/WORKSPACE/26msit001_A/vilab_yj/trajgaze/TrajGazeMerge/checkpoints/vitkd_p1_sg_raw/best.pth,/NHNHOME/WORKSPACE/26msit001_A/vilab_yj/trajgaze/TrajGazeMerge/checkpoints/vitkd_p2_sg_raw/epoch_01.pth
sg_idx288_present_object_attribute_recognition,288,present_object_attribute_recognition,C,M1_teacher/sheets/sg_idx288_present_object_attribute_recognition.png,ViT-KD_raw_video/sheets/sg_idx288_present_object_attribute_recognition.png,C,C,True,True,0.283,0.6377,0.5386,0.5058,0.5645,0.3383,OP01-R07-Pizza,669.8,4.91,3,0.2152,0.2121,9.99,/NHNHOME/VILAB/vilab_yj/trajgaze/TrajGazeMerge/checkpoints/visionzip_complement_learned_SGonly_overlay/best.pth,/NHNHOME/WORKSPACE/26msit001_A/vilab_yj/trajgaze/TrajGazeMerge/checkpoints/vitkd_p1_sg_raw/best.pth,/NHNHOME/WORKSPACE/26msit001_A/vilab_yj/trajgaze/TrajGazeMerge/checkpoints/vitkd_p2_sg_raw/epoch_01.pth
sg_idx78_past_non_fixated_object_identification,78,past_non_fixated_object_identification,D,M1_teacher/sheets/sg_idx78_past_non_fixated_object_identification.png,ViT-KD_raw_video/sheets/sg_idx78_past_non_fixated_object_identification.png,D,D,True,True,0.7415,0.9398,0.5483,0.5051,0.5804,0.3377,OP01-R07-Pizza,608.3,5.53,1,0.2334,0.1965,9.99,/NHNHOME/VILAB/vilab_yj/trajgaze/TrajGazeMerge/checkpoints/visionzip_complement_learned_SGonly_overlay/best.pth,/NHNHOME/WORKSPACE/26msit001_A/vilab_yj/trajgaze/TrajGazeMerge/checkpoints/vitkd_p1_sg_raw/best.pth,/NHNHOME/WORKSPACE/26msit001_A/vilab_yj/trajgaze/TrajGazeMerge/checkpoints/vitkd_p2_sg_raw/epoch_01.pth
sg_idx80_past_non_fixated_object_identification,80,past_non_fixated_object_identification,D,M1_teacher/sheets/sg_idx80_past_non_fixated_object_identification.png,ViT-KD_raw_video/sheets/sg_idx80_past_non_fixated_object_identification.png,D,D,True,True,0.9937,0.9723,0.5121,0.4833,0.5674,0.3185,OP01-R07-Pizza,668.8,5.91,3,0.2221,0.2005,9.99,/NHNHOME/VILAB/vilab_yj/trajgaze/TrajGazeMerge/checkpoints/visionzip_complement_learned_SGonly_overlay/best.pth,/NHNHOME/WORKSPACE/26msit001_A/vilab_yj/trajgaze/TrajGazeMerge/checkpoints/vitkd_p1_sg_raw/best.pth,/NHNHOME/WORKSPACE/26msit001_A/vilab_yj/trajgaze/TrajGazeMerge/checkpoints/vitkd_p2_sg_raw/epoch_01.pth
sg_idx38_past_gaze_sequence_matching,38,past_gaze_sequence_matching,A,M1_teacher/sheets/sg_idx38_past_gaze_sequence_matching.png,ViT-KD_raw_video/sheets/sg_idx38_past_gaze_sequence_matching.png,A,A,True,True,0.909,0.9065,0.5676,0.508,0.5812,0.3403,OP04-R07-Pizza,235.2,2.3,2,0.2418,0.1715,9.99,/NHNHOME/VILAB/vilab_yj/trajgaze/TrajGazeMerge/checkpoints/visionzip_complement_learned_SGonly_overlay/best.pth,/NHNHOME/WORKSPACE/26msit001_A/vilab_yj/trajgaze/TrajGazeMerge/checkpoints/vitkd_p1_sg_raw/best.pth,/NHNHOME/WORKSPACE/26msit001_A/vilab_yj/trajgaze/TrajGazeMerge/checkpoints/vitkd_p2_sg_raw/epoch_01.pth
sg_idx37_past_gaze_sequence_matching,37,past_gaze_sequence_matching,D,M1_teacher/sheets/sg_idx37_past_gaze_sequence_matching.png,ViT-KD_raw_video/sheets/sg_idx37_past_gaze_sequence_matching.png,D,D,True,True,0.924,0.3313,0.5483,0.5058,0.5804,0.3383,OP04-R06-GreekSalad,139.0,1.29,2,0.2402,0.1822,9.99,/NHNHOME/VILAB/vilab_yj/trajgaze/TrajGazeMerge/checkpoints/visionzip_complement_learned_SGonly_overlay/best.pth,/NHNHOME/WORKSPACE/26msit001_A/vilab_yj/trajgaze/TrajGazeMerge/checkpoints/vitkd_p1_sg_raw/best.pth,/NHNHOME/WORKSPACE/26msit001_A/vilab_yj/trajgaze/TrajGazeMerge/checkpoints/vitkd_p2_sg_raw/epoch_01.pth
sg_idx287_present_object_attribute_recognition,287,present_object_attribute_recognition,D,M1_teacher/sheets/sg_idx287_present_object_attribute_recognition.png,ViT-KD_raw_video/sheets/sg_idx287_present_object_attribute_recognition.png,D,D,True,True,0.99,0.7781,0.5072,0.4877,0.5725,0.3223,OP01-R07-Pizza,639.0,5.08,2,0.2272,0.1873,9.99,/NHNHOME/VILAB/vilab_yj/trajgaze/TrajGazeMerge/checkpoints/visionzip_complement_learned_SGonly_overlay/best.pth,/NHNHOME/WORKSPACE/26msit001_A/vilab_yj/trajgaze/TrajGazeMerge/checkpoints/vitkd_p1_sg_raw/best.pth,/NHNHOME/WORKSPACE/26msit001_A/vilab_yj/trajgaze/TrajGazeMerge/checkpoints/vitkd_p2_sg_raw/epoch_01.pth
sg_idx289_present_object_attribute_recognition,289,present_object_attribute_recognition,D,M1_teacher/sheets/sg_idx289_present_object_attribute_recognition.png,ViT-KD_raw_video/sheets/sg_idx289_present_object_attribute_recognition.png,D,D,True,True,0.9959,0.995,0.5145,0.4964,0.579,0.33,OP01-R07-Pizza,772.0,6.21,4,0.2251,0.1847,9.99,/NHNHOME/VILAB/vilab_yj/trajgaze/TrajGazeMerge/checkpoints/visionzip_complement_learned_SGonly_overlay/best.pth,/NHNHOME/WORKSPACE/26msit001_A/vilab_yj/trajgaze/TrajGazeMerge/checkpoints/vitkd_p1_sg_raw/best.pth,/NHNHOME/WORKSPACE/26msit001_A/vilab_yj/trajgaze/TrajGazeMerge/checkpoints/vitkd_p2_sg_raw/epoch_01.pth
sg_idx290_present_object_attribute_recognition,290,present_object_attribute_recognition,D,M1_teacher/sheets/sg_idx290_present_object_attribute_recognition.png,ViT-KD_raw_video/sheets/sg_idx290_present_object_attribute_recognition.png,D,D,True,True,0.6546,0.8801,0.442,0.4609,0.5312,0.2993,OP01-R07-Pizza,896.0,7.04,5,0.2108,0.183,9.99,/NHNHOME/VILAB/vilab_yj/trajgaze/TrajGazeMerge/checkpoints/visionzip_complement_learned_SGonly_overlay/best.pth,/NHNHOME/WORKSPACE/26msit001_A/vilab_yj/trajgaze/TrajGazeMerge/checkpoints/vitkd_p1_sg_raw/best.pth,/NHNHOME/WORKSPACE/26msit001_A/vilab_yj/trajgaze/TrajGazeMerge/checkpoints/vitkd_p2_sg_raw/epoch_01.pth
sg_idx68_past_non_fixated_object_identification,68,past_non_fixated_object_identification,D,M1_teacher/sheets/sg_idx68_past_non_fixated_object_identification.png,ViT-KD_raw_video/sheets/sg_idx68_past_non_fixated_object_identification.png,D,D,True,True,0.9639,0.8707,0.4348,0.4674,0.5333,0.3048,OP01-R02-TurkeySandwich,335.4,3.48,1,0.2045,0.1721,9.99,/NHNHOME/VILAB/vilab_yj/trajgaze/TrajGazeMerge/checkpoints/visionzip_complement_learned_SGonly_overlay/best.pth,/NHNHOME/WORKSPACE/26msit001_A/vilab_yj/trajgaze/TrajGazeMerge/checkpoints/vitkd_p1_sg_raw/best.pth,/NHNHOME/WORKSPACE/26msit001_A/vilab_yj/trajgaze/TrajGazeMerge/checkpoints/vitkd_p2_sg_raw/epoch_01.pth
sg_idx176_present_future_action_prediction,176,present_future_action_prediction,A,M1_teacher/sheets/sg_idx176_present_future_action_prediction.png,ViT-KD_raw_video/sheets/sg_idx176_present_future_action_prediction.png,A,A,True,True,0.9521,0.7419,0.4928,0.5029,0.5623,0.3358,OP01-R02-TurkeySandwich,121.1,217.78,1,0.1901,0.1408,9.99,/NHNHOME/VILAB/vilab_yj/trajgaze/TrajGazeMerge/checkpoints/visionzip_complement_learned_SGonly_overlay/best.pth,/NHNHOME/WORKSPACE/26msit001_A/vilab_yj/trajgaze/TrajGazeMerge/checkpoints/vitkd_p1_sg_raw/best.pth,/NHNHOME/WORKSPACE/26msit001_A/vilab_yj/trajgaze/TrajGazeMerge/checkpoints/vitkd_p2_sg_raw/epoch_01.pth
sg_idx29_past_gaze_sequence_matching,29,past_gaze_sequence_matching,B,M1_teacher/sheets/sg_idx29_past_gaze_sequence_matching.png,ViT-KD_raw_video/sheets/sg_idx29_past_gaze_sequence_matching.png,B,B,True,True,0.4074,0.3126,0.4638,0.4739,0.5486,0.3104,OP03-R07-Pizza,421.7,3.88,2,0.1838,0.1475,9.99,/NHNHOME/VILAB/vilab_yj/trajgaze/TrajGazeMerge/checkpoints/visionzip_complement_learned_SGonly_overlay/best.pth,/NHNHOME/WORKSPACE/26msit001_A/vilab_yj/trajgaze/TrajGazeMerge/checkpoints/vitkd_p1_sg_raw/best.pth,/NHNHOME/WORKSPACE/26msit001_A/vilab_yj/trajgaze/TrajGazeMerge/checkpoints/vitkd_p2_sg_raw/epoch_01.pth
sg_idx98_past_non_fixated_object_identification,98,past_non_fixated_object_identification,A,M1_teacher/sheets/sg_idx98_past_non_fixated_object_identification.png,ViT-KD_raw_video/sheets/sg_idx98_past_non_fixated_object_identification.png,A,A,True,True,0.9257,0.9646,0.4372,0.4601,0.5442,0.2987,OP03-R07-Pizza,216.3,1.78,1,0.2136,0.1677,9.99,/NHNHOME/VILAB/vilab_yj/trajgaze/TrajGazeMerge/checkpoints/visionzip_complement_learned_SGonly_overlay/best.pth,/NHNHOME/WORKSPACE/26msit001_A/vilab_yj/trajgaze/TrajGazeMerge/checkpoints/vitkd_p1_sg_raw/best.pth,/NHNHOME/WORKSPACE/26msit001_A/vilab_yj/trajgaze/TrajGazeMerge/checkpoints/vitkd_p2_sg_raw/epoch_01.pth
sg_idx365_present_object_identification_easy,365,present_object_identification_easy,A,M1_teacher/sheets/sg_idx365_present_object_identification_easy.png,ViT-KD_raw_video/sheets/sg_idx365_present_object_identification_easy.png,A,A,True,True,0.7602,0.5758,0.4324,0.4681,0.5514,0.3054,OP01-R01-PastaSalad,876.2,6.88,5,0.1889,0.1687,9.99,/NHNHOME/VILAB/vilab_yj/trajgaze/TrajGazeMerge/checkpoints/visionzip_complement_learned_SGonly_overlay/best.pth,/NHNHOME/WORKSPACE/26msit001_A/vilab_yj/trajgaze/TrajGazeMerge/checkpoints/vitkd_p1_sg_raw/best.pth,/NHNHOME/WORKSPACE/26msit001_A/vilab_yj/trajgaze/TrajGazeMerge/checkpoints/vitkd_p2_sg_raw/epoch_01.pth
sg_idx301_present_object_attribute_recognition,301,present_object_attribute_recognition,D,M1_teacher/sheets/sg_idx301_present_object_attribute_recognition.png,ViT-KD_raw_video/sheets/sg_idx301_present_object_attribute_recognition.png,D,D,True,True,0.97,0.4359,0.5193,0.4993,0.571,0.3325,OP03-R01-PastaSalad,410.8,3.12,6,0.1632,0.13,9.99,/NHNHOME/VILAB/vilab_yj/trajgaze/TrajGazeMerge/checkpoints/visionzip_complement_learned_SGonly_overlay/best.pth,/NHNHOME/WORKSPACE/26msit001_A/vilab_yj/trajgaze/TrajGazeMerge/checkpoints/vitkd_p1_sg_raw/best.pth,/NHNHOME/WORKSPACE/26msit001_A/vilab_yj/trajgaze/TrajGazeMerge/checkpoints/vitkd_p2_sg_raw/epoch_01.pth
sg_idx173_present_future_action_prediction,173,present_future_action_prediction,C,M1_teacher/sheets/sg_idx173_present_future_action_prediction.png,ViT-KD_raw_video/sheets/sg_idx173_present_future_action_prediction.png,C,C,True,True,0.9903,0.8719,0.3816,0.4609,0.5536,0.2993,OP01-R01-PastaSalad,412.8,387.82,4,0.1994,0.1889,9.99,/NHNHOME/VILAB/vilab_yj/trajgaze/TrajGazeMerge/checkpoints/visionzip_complement_learned_SGonly_overlay/best.pth,/NHNHOME/WORKSPACE/26msit001_A/vilab_yj/trajgaze/TrajGazeMerge/checkpoints/vitkd_p1_sg_raw/best.pth,/NHNHOME/WORKSPACE/26msit001_A/vilab_yj/trajgaze/TrajGazeMerge/checkpoints/vitkd_p2_sg_raw/epoch_01.pth
sg_idx21_past_gaze_sequence_matching,21,past_gaze_sequence_matching,A,M1_teacher/sheets/sg_idx21_past_gaze_sequence_matching.png,ViT-KD_raw_video/sheets/sg_idx21_past_gaze_sequence_matching.png,A,A,True,True,0.9929,0.647,0.4734,0.479,0.5529,0.3148,OP03-R02-TurkeySandwich,294.7,3.13,2,0.1775,0.1323,9.99,/NHNHOME/VILAB/vilab_yj/trajgaze/TrajGazeMerge/checkpoints/visionzip_complement_learned_SGonly_overlay/best.pth,/NHNHOME/WORKSPACE/26msit001_A/vilab_yj/trajgaze/TrajGazeMerge/checkpoints/vitkd_p1_sg_raw/best.pth,/NHNHOME/WORKSPACE/26msit001_A/vilab_yj/trajgaze/TrajGazeMerge/checkpoints/vitkd_p2_sg_raw/epoch_01.pth
sg_idx382_present_object_identification_easy,382,present_object_identification_easy,A,M1_teacher/sheets/sg_idx382_present_object_identification_easy.png,ViT-KD_raw_video/sheets/sg_idx382_present_object_identification_easy.png,A,A,True,True,0.8413,0.4772,0.4106,0.4572,0.5464,0.2962,OP01-R06-GreekSalad,574.5,4.92,2,0.1873,0.1599,9.99,/NHNHOME/VILAB/vilab_yj/trajgaze/TrajGazeMerge/checkpoints/visionzip_complement_learned_SGonly_overlay/best.pth,/NHNHOME/WORKSPACE/26msit001_A/vilab_yj/trajgaze/TrajGazeMerge/checkpoints/vitkd_p1_sg_raw/best.pth,/NHNHOME/WORKSPACE/26msit001_A/vilab_yj/trajgaze/TrajGazeMerge/checkpoints/vitkd_p2_sg_raw/epoch_01.pth
sg_idx205_present_future_action_prediction,205,present_future_action_prediction,D,M1_teacher/sheets/sg_idx205_present_future_action_prediction.png,ViT-KD_raw_video/sheets/sg_idx205_present_future_action_prediction.png,D,D,True,True,0.7474,0.429,0.4903,0.4899,0.5638,0.3242,OP03-R01-PastaSalad,279.8,91.32,4,0.1645,0.13,9.99,/NHNHOME/VILAB/vilab_yj/trajgaze/TrajGazeMerge/checkpoints/visionzip_complement_learned_SGonly_overlay/best.pth,/NHNHOME/WORKSPACE/26msit001_A/vilab_yj/trajgaze/TrajGazeMerge/checkpoints/vitkd_p1_sg_raw/best.pth,/NHNHOME/WORKSPACE/26msit001_A/vilab_yj/trajgaze/TrajGazeMerge/checkpoints/vitkd_p2_sg_raw/epoch_01.pth
sg_idx0_past_gaze_sequence_matching,0,past_gaze_sequence_matching,C,M1_teacher/sheets/sg_idx0_past_gaze_sequence_matching.png,ViT-KD_raw_video/sheets/sg_idx0_past_gaze_sequence_matching.png,C,C,True,True,0.996,0.7314,0.4106,0.45,0.529,0.2902,OP01-R01-PastaSalad,793.8,6.83,4,0.1959,0.1604,9.99,/NHNHOME/VILAB/vilab_yj/trajgaze/TrajGazeMerge/checkpoints/visionzip_complement_learned_SGonly_overlay/best.pth,/NHNHOME/WORKSPACE/26msit001_A/vilab_yj/trajgaze/TrajGazeMerge/checkpoints/vitkd_p1_sg_raw/best.pth,/NHNHOME/WORKSPACE/26msit001_A/vilab_yj/trajgaze/TrajGazeMerge/checkpoints/vitkd_p2_sg_raw/epoch_01.pth
sg_idx67_past_non_fixated_object_identification,67,past_non_fixated_object_identification,C,M1_teacher/sheets/sg_idx67_past_non_fixated_object_identification.png,ViT-KD_raw_video/sheets/sg_idx67_past_non_fixated_object_identification.png,C,C,True,True,0.722,0.9436,0.4106,0.4862,0.5514,0.3211,OP01-R02-TurkeySandwich,116.1,1.57,0,0.1947,0.1596,9.99,/NHNHOME/VILAB/vilab_yj/trajgaze/TrajGazeMerge/checkpoints/visionzip_complement_learned_SGonly_overlay/best.pth,/NHNHOME/WORKSPACE/26msit001_A/vilab_yj/trajgaze/TrajGazeMerge/checkpoints/vitkd_p1_sg_raw/best.pth,/NHNHOME/WORKSPACE/26msit001_A/vilab_yj/trajgaze/TrajGazeMerge/checkpoints/vitkd_p2_sg_raw/epoch_01.pth
sg_idx281_present_object_attribute_recognition,281,present_object_attribute_recognition,D,M1_teacher/sheets/sg_idx281_present_object_attribute_recognition.png,ViT-KD_raw_video/sheets/sg_idx281_present_object_attribute_recognition.png,D,D,True,True,0.9488,0.5996,0.4565,0.4826,0.5674,0.3179,OP01-R05-Cheeseburger,646.0,5.21,7,0.1685,0.1315,9.99,/NHNHOME/VILAB/vilab_yj/trajgaze/TrajGazeMerge/checkpoints/visionzip_complement_learned_SGonly_overlay/best.pth,/NHNHOME/WORKSPACE/26msit001_A/vilab_yj/trajgaze/TrajGazeMerge/checkpoints/vitkd_p1_sg_raw/best.pth,/NHNHOME/WORKSPACE/26msit001_A/vilab_yj/trajgaze/TrajGazeMerge/checkpoints/vitkd_p2_sg_raw/epoch_01.pth
sg_idx489_present_object_identification_hard,489,present_object_identification_hard,D,M1_teacher/sheets/sg_idx489_present_object_identification_hard.png,ViT-KD_raw_video/sheets/sg_idx489_present_object_identification_hard.png,D,D,True,True,0.8252,0.6839,0.4758,0.4812,0.5522,0.3166,OP03-R01-PastaSalad,736.3,5.99,11,0.1744,0.1247,9.99,/NHNHOME/VILAB/vilab_yj/trajgaze/TrajGazeMerge/checkpoints/visionzip_complement_learned_SGonly_overlay/best.pth,/NHNHOME/WORKSPACE/26msit001_A/vilab_yj/trajgaze/TrajGazeMerge/checkpoints/vitkd_p1_sg_raw/best.pth,/NHNHOME/WORKSPACE/26msit001_A/vilab_yj/trajgaze/TrajGazeMerge/checkpoints/vitkd_p2_sg_raw/epoch_01.pth
sg_idx498_present_object_identification_hard,498,present_object_identification_hard,C,M1_teacher/sheets/sg_idx498_present_object_identification_hard.png,ViT-KD_raw_video/sheets/sg_idx498_present_object_identification_hard.png,C,C,True,True,0.9291,0.4422,0.4155,0.4768,0.5428,0.3129,OP03-R06-GreekSalad,25.8,17.32,2,0.2004,0.1431,9.99,/NHNHOME/VILAB/vilab_yj/trajgaze/TrajGazeMerge/checkpoints/visionzip_complement_learned_SGonly_overlay/best.pth,/NHNHOME/WORKSPACE/26msit001_A/vilab_yj/trajgaze/TrajGazeMerge/checkpoints/vitkd_p1_sg_raw/best.pth,/NHNHOME/WORKSPACE/26msit001_A/vilab_yj/trajgaze/TrajGazeMerge/checkpoints/vitkd_p2_sg_raw/epoch_01.pth
sg_idx184_present_future_action_prediction,184,present_future_action_prediction,C,M1_teacher/sheets/sg_idx184_present_future_action_prediction.png,ViT-KD_raw_video/sheets/sg_idx184_present_future_action_prediction.png,C,C,True,True,0.507,0.4459,0.4082,0.4696,0.5558,0.3067,OP01-R05-Cheeseburger,200.5,27.46,2,0.1897,0.1593,9.99,/NHNHOME/VILAB/vilab_yj/trajgaze/TrajGazeMerge/checkpoints/visionzip_complement_learned_SGonly_overlay/best.pth,/NHNHOME/WORKSPACE/26msit001_A/vilab_yj/trajgaze/TrajGazeMerge/checkpoints/vitkd_p1_sg_raw/best.pth,/NHNHOME/WORKSPACE/26msit001_A/vilab_yj/trajgaze/TrajGazeMerge/checkpoints/vitkd_p2_sg_raw/epoch_01.pth
sg_idx64_past_non_fixated_object_identification,64,past_non_fixated_object_identification,C,M1_teacher/sheets/sg_idx64_past_non_fixated_object_identification.png,ViT-KD_raw_video/sheets/sg_idx64_past_non_fixated_object_identification.png,C,C,True,True,0.824,0.5629,0.4686,0.4877,0.5522,0.3223,OP01-R01-PastaSalad,73.5,1.08,1,0.1786,0.1233,9.99,/NHNHOME/VILAB/vilab_yj/trajgaze/TrajGazeMerge/checkpoints/visionzip_complement_learned_SGonly_overlay/best.pth,/NHNHOME/WORKSPACE/26msit001_A/vilab_yj/trajgaze/TrajGazeMerge/checkpoints/vitkd_p1_sg_raw/best.pth,/NHNHOME/WORKSPACE/26msit001_A/vilab_yj/trajgaze/TrajGazeMerge/checkpoints/vitkd_p2_sg_raw/epoch_01.pth
sg_idx469_present_object_identification_hard,469,present_object_identification_hard,D,M1_teacher/sheets/sg_idx469_present_object_identification_hard.png,ViT-KD_raw_video/sheets/sg_idx469_present_object_identification_hard.png,D,D,True,True,0.9741,0.827,0.401,0.4652,0.5471,0.303,OP01-R05-Cheeseburger,503.1,3.44,5,0.1684,0.1567,9.99,/NHNHOME/VILAB/vilab_yj/trajgaze/TrajGazeMerge/checkpoints/visionzip_complement_learned_SGonly_overlay/best.pth,/NHNHOME/WORKSPACE/26msit001_A/vilab_yj/trajgaze/TrajGazeMerge/checkpoints/vitkd_p1_sg_raw/best.pth,/NHNHOME/WORKSPACE/26msit001_A/vilab_yj/trajgaze/TrajGazeMerge/checkpoints/vitkd_p2_sg_raw/epoch_01.pth
sg_idx93_past_non_fixated_object_identification,93,past_non_fixated_object_identification,A,M1_teacher/sheets/sg_idx93_past_non_fixated_object_identification.png,ViT-KD_raw_video/sheets/sg_idx93_past_non_fixated_object_identification.png,A,A,True,True,0.7301,0.565,0.4444,0.4761,0.5572,0.3123,OP03-R04-ContinentalBreakfast,435.6,4.15,2,0.1972,0.1296,9.99,/NHNHOME/VILAB/vilab_yj/trajgaze/TrajGazeMerge/checkpoints/visionzip_complement_learned_SGonly_overlay/best.pth,/NHNHOME/WORKSPACE/26msit001_A/vilab_yj/trajgaze/TrajGazeMerge/checkpoints/vitkd_p1_sg_raw/best.pth,/NHNHOME/WORKSPACE/26msit001_A/vilab_yj/trajgaze/TrajGazeMerge/checkpoints/vitkd_p2_sg_raw/epoch_01.pth
sg_idx20_past_gaze_sequence_matching,20,past_gaze_sequence_matching,C,M1_teacher/sheets/sg_idx20_past_gaze_sequence_matching.png,ViT-KD_raw_video/sheets/sg_idx20_past_gaze_sequence_matching.png,C,C,True,True,0.6459,0.5635,0.4614,0.4797,0.5428,0.3154,OP03-R01-PastaSalad,368.2,2.93,4,0.1708,0.1238,9.99,/NHNHOME/VILAB/vilab_yj/trajgaze/TrajGazeMerge/checkpoints/visionzip_complement_learned_SGonly_overlay/best.pth,/NHNHOME/WORKSPACE/26msit001_A/vilab_yj/trajgaze/TrajGazeMerge/checkpoints/vitkd_p1_sg_raw/best.pth,/NHNHOME/WORKSPACE/26msit001_A/vilab_yj/trajgaze/TrajGazeMerge/checkpoints/vitkd_p2_sg_raw/epoch_01.pth
sg_idx73_past_non_fixated_object_identification,73,past_non_fixated_object_identification,C,M1_teacher/sheets/sg_idx73_past_non_fixated_object_identification.png,ViT-KD_raw_video/sheets/sg_idx73_past_non_fixated_object_identification.png,C,C,True,True,0.903,0.9375,0.3575,0.4507,0.5348,0.2908,OP01-R05-Cheeseburger,197.5,2.42,1,0.1977,0.1617,9.99,/NHNHOME/VILAB/vilab_yj/trajgaze/TrajGazeMerge/checkpoints/visionzip_complement_learned_SGonly_overlay/best.pth,/NHNHOME/WORKSPACE/26msit001_A/vilab_yj/trajgaze/TrajGazeMerge/checkpoints/vitkd_p1_sg_raw/best.pth,/NHNHOME/WORKSPACE/26msit001_A/vilab_yj/trajgaze/TrajGazeMerge/checkpoints/vitkd_p2_sg_raw/epoch_01.pth
sg_idx74_past_non_fixated_object_identification,74,past_non_fixated_object_identification,B,M1_teacher/sheets/sg_idx74_past_non_fixated_object_identification.png,ViT-KD_raw_video/sheets/sg_idx74_past_non_fixated_object_identification.png,B,B,True,True,0.9815,0.9806,0.3744,0.4587,0.5304,0.2975,OP01-R05-Cheeseburger,225.3,2.66,2,0.1812,0.1579,9.99,/NHNHOME/VILAB/vilab_yj/trajgaze/TrajGazeMerge/checkpoints/visionzip_complement_learned_SGonly_overlay/best.pth,/NHNHOME/WORKSPACE/26msit001_A/vilab_yj/trajgaze/TrajGazeMerge/checkpoints/vitkd_p1_sg_raw/best.pth,/NHNHOME/WORKSPACE/26msit001_A/vilab_yj/trajgaze/TrajGazeMerge/checkpoints/vitkd_p2_sg_raw/epoch_01.pth
sg_idx268_present_object_attribute_recognition,268,present_object_attribute_recognition,C,M1_teacher/sheets/sg_idx268_present_object_attribute_recognition.png,ViT-KD_raw_video/sheets/sg_idx268_present_object_attribute_recognition.png,C,C,True,True,0.9776,0.9016,0.4034,0.45,0.5261,0.2902,OP01-R01-PastaSalad,794.8,5.83,4,0.1832,0.1407,9.99,/NHNHOME/VILAB/vilab_yj/trajgaze/TrajGazeMerge/checkpoints/visionzip_complement_learned_SGonly_overlay/best.pth,/NHNHOME/WORKSPACE/26msit001_A/vilab_yj/trajgaze/TrajGazeMerge/checkpoints/vitkd_p1_sg_raw/best.pth,/NHNHOME/WORKSPACE/26msit001_A/vilab_yj/trajgaze/TrajGazeMerge/checkpoints/vitkd_p2_sg_raw/epoch_01.pth
sg_idx66_past_non_fixated_object_identification,66,past_non_fixated_object_identification,B,M1_teacher/sheets/sg_idx66_past_non_fixated_object_identification.png,ViT-KD_raw_video/sheets/sg_idx66_past_non_fixated_object_identification.png,B,B,True,True,0.6388,0.3942,0.3382,0.4551,0.521,0.2944,OP01-R01-PastaSalad,406.8,3.87,3,0.1751,0.1703,9.99,/NHNHOME/VILAB/vilab_yj/trajgaze/TrajGazeMerge/checkpoints/visionzip_complement_learned_SGonly_overlay/best.pth,/NHNHOME/WORKSPACE/26msit001_A/vilab_yj/trajgaze/TrajGazeMerge/checkpoints/vitkd_p1_sg_raw/best.pth,/NHNHOME/WORKSPACE/26msit001_A/vilab_yj/trajgaze/TrajGazeMerge/checkpoints/vitkd_p2_sg_raw/epoch_01.pth
sg_idx76_past_non_fixated_object_identification,76,past_non_fixated_object_identification,C,M1_teacher/sheets/sg_idx76_past_non_fixated_object_identification.png,ViT-KD_raw_video/sheets/sg_idx76_past_non_fixated_object_identification.png,C,C,True,True,0.8388,0.8878,0.3937,0.4696,0.55,0.3067,OP01-R06-GreekSalad,160.8,1.49,1,0.1913,0.1414,9.99,/NHNHOME/VILAB/vilab_yj/trajgaze/TrajGazeMerge/checkpoints/visionzip_complement_learned_SGonly_overlay/best.pth,/NHNHOME/WORKSPACE/26msit001_A/vilab_yj/trajgaze/TrajGazeMerge/checkpoints/vitkd_p1_sg_raw/best.pth,/NHNHOME/WORKSPACE/26msit001_A/vilab_yj/trajgaze/TrajGazeMerge/checkpoints/vitkd_p2_sg_raw/epoch_01.pth
sg_idx102_past_non_fixated_object_identification,102,past_non_fixated_object_identification,B,M1_teacher/sheets/sg_idx102_past_non_fixated_object_identification.png,ViT-KD_raw_video/sheets/sg_idx102_past_non_fixated_object_identification.png,B,B,True,True,0.977,0.9884,0.4831,0.4884,0.5623,0.323,OP04-R03-BaconAndEggs,139.0,1.5,1,0.1856,0.1096,9.99,/NHNHOME/VILAB/vilab_yj/trajgaze/TrajGazeMerge/checkpoints/visionzip_complement_learned_SGonly_overlay/best.pth,/NHNHOME/WORKSPACE/26msit001_A/vilab_yj/trajgaze/TrajGazeMerge/checkpoints/vitkd_p1_sg_raw/best.pth,/NHNHOME/WORKSPACE/26msit001_A/vilab_yj/trajgaze/TrajGazeMerge/checkpoints/vitkd_p2_sg_raw/epoch_01.pth
sg_idx284_present_object_attribute_recognition,284,present_object_attribute_recognition,C,M1_teacher/sheets/sg_idx284_present_object_attribute_recognition.png,ViT-KD_raw_video/sheets/sg_idx284_present_object_attribute_recognition.png,C,C,True,True,0.9945,0.9916,0.3889,0.4638,0.5217,0.3017,OP01-R06-GreekSalad,605.3,4.58,3,0.1743,0.1349,9.99,/NHNHOME/VILAB/vilab_yj/trajgaze/TrajGazeMerge/checkpoints/visionzip_complement_learned_SGonly_overlay/best.pth,/NHNHOME/WORKSPACE/26msit001_A/vilab_yj/trajgaze/TrajGazeMerge/checkpoints/vitkd_p1_sg_raw/best.pth,/NHNHOME/WORKSPACE/26msit001_A/vilab_yj/trajgaze/TrajGazeMerge/checkpoints/vitkd_p2_sg_raw/epoch_01.pth
sg_idx31_past_gaze_sequence_matching,31,past_gaze_sequence_matching,D,M1_teacher/sheets/sg_idx31_past_gaze_sequence_matching.png,ViT-KD_raw_video/sheets/sg_idx31_past_gaze_sequence_matching.png,D,D,True,True,0.9739,0.7985,0.4928,0.4862,0.5667,0.3211,OP04-R03-BaconAndEggs,275.9,2.18,2,0.1523,0.0929,9.99,/NHNHOME/VILAB/vilab_yj/trajgaze/TrajGazeMerge/checkpoints/visionzip_complement_learned_SGonly_overlay/best.pth,/NHNHOME/WORKSPACE/26msit001_A/vilab_yj/trajgaze/TrajGazeMerge/checkpoints/vitkd_p1_sg_raw/best.pth,/NHNHOME/WORKSPACE/26msit001_A/vilab_yj/trajgaze/TrajGazeMerge/checkpoints/vitkd_p2_sg_raw/epoch_01.pth
sg_idx302_present_object_attribute_recognition,302,present_object_attribute_recognition,C,M1_teacher/sheets/sg_idx302_present_object_attribute_recognition.png,ViT-KD_raw_video/sheets/sg_idx302_present_object_attribute_recognition.png,C,C,True,True,0.9768,0.9511,0.4565,0.4768,0.5572,0.3129,OP03-R01-PastaSalad,641.0,4.79,9,0.1662,0.1161,9.99,/NHNHOME/VILAB/vilab_yj/trajgaze/TrajGazeMerge/checkpoints/visionzip_complement_learned_SGonly_overlay/best.pth,/NHNHOME/WORKSPACE/26msit001_A/vilab_yj/trajgaze/TrajGazeMerge/checkpoints/vitkd_p1_sg_raw/best.pth,/NHNHOME/WORKSPACE/26msit001_A/vilab_yj/trajgaze/TrajGazeMerge/checkpoints/vitkd_p2_sg_raw/epoch_01.pth
sg_idx144_past_scene_recall,144,past_scene_recall,A,M1_teacher/sheets/sg_idx144_past_scene_recall.png,ViT-KD_raw_video/sheets/sg_idx144_past_scene_recall.png,A,A,True,True,0.8977,0.4529,0.4251,0.471,0.5283,0.3079,OP03-R01-PastaSalad,272.9,3.06,3,0.1623,0.1233,9.99,/NHNHOME/VILAB/vilab_yj/trajgaze/TrajGazeMerge/checkpoints/visionzip_complement_learned_SGonly_overlay/best.pth,/NHNHOME/WORKSPACE/26msit001_A/vilab_yj/trajgaze/TrajGazeMerge/checkpoints/vitkd_p1_sg_raw/best.pth,/NHNHOME/WORKSPACE/26msit001_A/vilab_yj/trajgaze/TrajGazeMerge/checkpoints/vitkd_p2_sg_raw/epoch_01.pth
sg_idx303_present_object_attribute_recognition,303,present_object_attribute_recognition,D,M1_teacher/sheets/sg_idx303_present_object_attribute_recognition.png,ViT-KD_raw_video/sheets/sg_idx303_present_object_attribute_recognition.png,D,D,True,True,0.9855,0.8023,0.4614,0.4725,0.5514,0.3092,OP03-R01-PastaSalad,701.5,5.12,10,0.1752,0.1061,9.99,/NHNHOME/VILAB/vilab_yj/trajgaze/TrajGazeMerge/checkpoints/visionzip_complement_learned_SGonly_overlay/best.pth,/NHNHOME/WORKSPACE/26msit001_A/vilab_yj/trajgaze/TrajGazeMerge/checkpoints/vitkd_p1_sg_raw/best.pth,/NHNHOME/WORKSPACE/26msit001_A/vilab_yj/trajgaze/TrajGazeMerge/checkpoints/vitkd_p2_sg_raw/epoch_01.pth
sg_idx188_present_future_action_prediction,188,present_future_action_prediction,A,M1_teacher/sheets/sg_idx188_present_future_action_prediction.png,ViT-KD_raw_video/sheets/sg_idx188_present_future_action_prediction.png,A,A,True,True,0.3868,0.2968,0.3744,0.4732,0.5341,0.3098,OP01-R06-GreekSalad,165.7,413.72,2,0.1829,0.1337,9.99,/NHNHOME/VILAB/vilab_yj/trajgaze/TrajGazeMerge/checkpoints/visionzip_complement_learned_SGonly_overlay/best.pth,/NHNHOME/WORKSPACE/26msit001_A/vilab_yj/trajgaze/TrajGazeMerge/checkpoints/vitkd_p1_sg_raw/best.pth,/NHNHOME/WORKSPACE/26msit001_A/vilab_yj/trajgaze/TrajGazeMerge/checkpoints/vitkd_p2_sg_raw/epoch_01.pth
sg_idx190_present_future_action_prediction,190,present_future_action_prediction,C,M1_teacher/sheets/sg_idx190_present_future_action_prediction.png,ViT-KD_raw_video/sheets/sg_idx190_present_future_action_prediction.png,C,C,True,True,0.9935,0.9489,0.3527,0.4551,0.5203,0.2944,OP01-R07-Pizza,134.0,479.83,1,0.1973,0.1405,9.99,/NHNHOME/VILAB/vilab_yj/trajgaze/TrajGazeMerge/checkpoints/visionzip_complement_learned_SGonly_overlay/best.pth,/NHNHOME/WORKSPACE/26msit001_A/vilab_yj/trajgaze/TrajGazeMerge/checkpoints/vitkd_p1_sg_raw/best.pth,/NHNHOME/WORKSPACE/26msit001_A/vilab_yj/trajgaze/TrajGazeMerge/checkpoints/vitkd_p2_sg_raw/epoch_01.pth
sg_idx497_present_object_identification_hard,497,present_object_identification_hard,C,M1_teacher/sheets/sg_idx497_present_object_identification_hard.png,ViT-KD_raw_video/sheets/sg_idx497_present_object_identification_hard.png,C,C,True,True,0.9982,0.9743,0.3438,0.4626,0.528,0.3,OP03-R06-GreekSalad,2.0,23.67,1,0.1056,0.1422,9.954,/NHNHOME/VILAB/vilab_yj/trajgaze/TrajGazeMerge/checkpoints/visionzip_complement_learned_SGonly_overlay/best.pth,/NHNHOME/WORKSPACE/26msit001_A/vilab_yj/trajgaze/TrajGazeMerge/checkpoints/vitkd_p1_sg_raw/best.pth,/NHNHOME/WORKSPACE/26msit001_A/vilab_yj/trajgaze/TrajGazeMerge/checkpoints/vitkd_p2_sg_raw/epoch_01.pth
sg_idx65_past_non_fixated_object_identification,65,past_non_fixated_object_identification,D,M1_teacher/sheets/sg_idx65_past_non_fixated_object_identification.png,ViT-KD_raw_video/sheets/sg_idx65_past_non_fixated_object_identification.png,D,D,True,True,0.9209,0.9473,0.3647,0.4594,0.5319,0.2981,OP01-R01-PastaSalad,140.9,1.89,2,0.1884,0.1315,9.99,/NHNHOME/VILAB/vilab_yj/trajgaze/TrajGazeMerge/checkpoints/visionzip_complement_learned_SGonly_overlay/best.pth,/NHNHOME/WORKSPACE/26msit001_A/vilab_yj/trajgaze/TrajGazeMerge/checkpoints/vitkd_p1_sg_raw/best.pth,/NHNHOME/WORKSPACE/26msit001_A/vilab_yj/trajgaze/TrajGazeMerge/checkpoints/vitkd_p2_sg_raw/epoch_01.pth
sg_idx274_present_object_attribute_recognition,274,present_object_attribute_recognition,D,M1_teacher/sheets/sg_idx274_present_object_attribute_recognition.png,ViT-KD_raw_video/sheets/sg_idx274_present_object_attribute_recognition.png,D,D,True,True,0.9737,0.8055,0.4348,0.4775,0.5507,0.3135,OP01-R03-BaconAndEggs,549.7,4.42,4,0.1524,0.1111,9.99,/NHNHOME/VILAB/vilab_yj/trajgaze/TrajGazeMerge/checkpoints/visionzip_complement_learned_SGonly_overlay/best.pth,/NHNHOME/WORKSPACE/26msit001_A/vilab_yj/trajgaze/TrajGazeMerge/checkpoints/vitkd_p1_sg_raw/best.pth,/NHNHOME/WORKSPACE/26msit001_A/vilab_yj/trajgaze/TrajGazeMerge/checkpoints/vitkd_p2_sg_raw/epoch_01.pth
sg_idx204_present_future_action_prediction,204,present_future_action_prediction,C,M1_teacher/sheets/sg_idx204_present_future_action_prediction.png,ViT-KD_raw_video/sheets/sg_idx204_present_future_action_prediction.png,C,C,True,True,0.9504,0.6833,0.4203,0.4775,0.5413,0.3135,OP03-R01-PastaSalad,236.2,39.76,3,0.1726,0.1188,9.99,/NHNHOME/VILAB/vilab_yj/trajgaze/TrajGazeMerge/checkpoints/visionzip_complement_learned_SGonly_overlay/best.pth,/NHNHOME/WORKSPACE/26msit001_A/vilab_yj/trajgaze/TrajGazeMerge/checkpoints/vitkd_p1_sg_raw/best.pth,/NHNHOME/WORKSPACE/26msit001_A/vilab_yj/trajgaze/TrajGazeMerge/checkpoints/vitkd_p2_sg_raw/epoch_01.pth
sg_idx7_past_gaze_sequence_matching,7,past_gaze_sequence_matching,A,M1_teacher/sheets/sg_idx7_past_gaze_sequence_matching.png,ViT-KD_raw_video/sheets/sg_idx7_past_gaze_sequence_matching.png,A,A,True,True,0.9664,0.6535,0.3357,0.4507,0.5268,0.2908,OP01-R05-Cheeseburger,286.8,2.66,3,0.1766,0.1342,9.99,/NHNHOME/VILAB/vilab_yj/trajgaze/TrajGazeMerge/checkpoints/visionzip_complement_learned_SGonly_overlay/best.pth,/NHNHOME/WORKSPACE/26msit001_A/vilab_yj/trajgaze/TrajGazeMerge/checkpoints/vitkd_p1_sg_raw/best.pth,/NHNHOME/WORKSPACE/26msit001_A/vilab_yj/trajgaze/TrajGazeMerge/checkpoints/vitkd_p2_sg_raw/epoch_01.pth
sg_idx172_present_future_action_prediction,172,present_future_action_prediction,D,M1_teacher/sheets/sg_idx172_present_future_action_prediction.png,ViT-KD_raw_video/sheets/sg_idx172_present_future_action_prediction.png,D,D,True,True,0.5193,0.5341,0.4082,0.4667,0.5384,0.3042,OP01-R01-PastaSalad,78.4,64.39,2,0.1848,0.1195,9.99,/NHNHOME/VILAB/vilab_yj/trajgaze/TrajGazeMerge/checkpoints/visionzip_complement_learned_SGonly_overlay/best.pth,/NHNHOME/WORKSPACE/26msit001_A/vilab_yj/trajgaze/TrajGazeMerge/checkpoints/vitkd_p1_sg_raw/best.pth,/NHNHOME/WORKSPACE/26msit001_A/vilab_yj/trajgaze/TrajGazeMerge/checkpoints/vitkd_p2_sg_raw/epoch_01.pth
sg_idx368_present_object_identification_easy,368,present_object_identification_easy,D,M1_teacher/sheets/sg_idx368_present_object_identification_easy.png,ViT-KD_raw_video/sheets/sg_idx368_present_object_identification_easy.png,D,D,True,True,0.9957,0.9984,0.3483,0.4536,0.5169,0.2932,OP01-R03-BaconAndEggs,11.0,28.21,1,0.1971,0.1253,9.992,/NHNHOME/VILAB/vilab_yj/trajgaze/TrajGazeMerge/checkpoints/visionzip_complement_learned_SGonly_overlay/best.pth,/NHNHOME/WORKSPACE/26msit001_A/vilab_yj/trajgaze/TrajGazeMerge/checkpoints/vitkd_p1_sg_raw/best.pth,/NHNHOME/WORKSPACE/26msit001_A/vilab_yj/trajgaze/TrajGazeMerge/checkpoints/vitkd_p2_sg_raw/epoch_01.pth
sg_idx140_past_scene_recall,140,past_scene_recall,D,M1_teacher/sheets/sg_idx140_past_scene_recall.png,ViT-KD_raw_video/sheets/sg_idx140_past_scene_recall.png,D,D,True,True,0.8526,0.369,0.3696,0.458,0.5232,0.2969,OP01-R07-Pizza,131.0,1.12,0,0.1686,0.1232,9.99,/NHNHOME/VILAB/vilab_yj/trajgaze/TrajGazeMerge/checkpoints/visionzip_complement_learned_SGonly_overlay/best.pth,/NHNHOME/WORKSPACE/26msit001_A/vilab_yj/trajgaze/TrajGazeMerge/checkpoints/vitkd_p1_sg_raw/best.pth,/NHNHOME/WORKSPACE/26msit001_A/vilab_yj/trajgaze/TrajGazeMerge/checkpoints/vitkd_p2_sg_raw/epoch_01.pth
